version,avg_latency,error_rate,throughput
A,209.93428306022466,0.02463088773765821,1139.9355436586002
A,197.2347139765763,0.029547083202350652,1092.4633682912768
A,212.95377076201385,0.013007162130904294,1005.9630369920175
A,230.46059712816052,0.022814846183452853,935.3063222294426
A,195.3169325055333,0.016746787154390867,1069.822331361359
A,195.3172608610164,0.01756437308117652,1039.348538542175
A,231.58425631014782,0.017038030378805656,1089.5193220027732
A,215.34869458305818,0.01568004615160092,1063.517180168197
A,190.61051228130097,0.020242608139724134,1104.9552715319335
A,210.8512008717193,0.01584524941794481,946.4764788439433
A,190.73164614375077,0.021352284128899196,1131.7394065634326
A,190.68540492859486,0.019748809452754316,1019.75996046924
A,204.83924543132068,0.01880525976566795,1207.5260872625265
A,161.73439510684403,0.01546218168979201,931.0812181910433
A,165.50164334973934,0.017116143347158337,1173.596380316525
A,188.75424941518054,0.02377695612912878,1019.7910783462647
A,179.74337759331152,0.022504585938121904,934.8581996385551
A,206.28494665190547,0.015112223776007246,951.6114165945678
A,181.83951848957577,0.020496661527146128,967.9652691805679
A,171.75392597329417,0.023756935616858946,1042.4165946401915
A,229.31297537843108,0.011652973594393141,1052.28354880355
A,195.4844739902693,0.022716800961899677,942.6299996061421
A,201.35056409375846,0.016686881205270766,997.5645407739017
A,171.50503627573087,0.022852993342965797,1214.2270358611863
A,189.11234550949635,0.016183704217287417,1172.7543170100712
A,202.21845179419734,0.010975589496677405,1043.6323669674032
A,176.98012845155395,0.011862287810584187,1003.80034781682
A,207.51396036691344,0.02024042473330691,1012.0031326718262
A,187.9872262016239,0.02129861250860741,1061.3517972730417
A,194.16612500413447,0.015478416874477957,897.7207434801594
A,187.96586775541206,0.02319296229388687,974.2623462576655
A,237.04556369017877,0.011692399688655201,833.1415926122411
A,199.73005550524132,0.019669601006763418,1039.9223122605279
A,178.845781420882,0.013944919001187717,1064.7195939702742
A,216.45089824206377,0.016740819460989206,951.6813537700626
A,175.58312700057957,0.02023699335658207,1157.3986763290034
A,204.17727190009512,0.015697933173580238,877.4234336997658
A,160.8065975224045,0.018077222278850873,853.5625119790179
A,173.43627902203139,0.025031464046072205,1022.4451818559972
A,203.93722471738246,0.017115540652384256,1104.7098302612155
A,214.7693315999082,0.02417846056032571,1168.3927691457868
A,203.4273656237994,0.01435146572671191,954.111573713106
A,197.6870343522352,0.022649020889576415,1107.8680833431295
A,193.97792608821422,0.027207843103289504,996.1491530499293
A,170.42956019265145,0.007641777499363553,982.737270005918
A,185.60311583210583,0.016015523722647616,1088.3659937486673
A,190.78722458080426,0.0228853606359027,1065.232287841342
A,221.1424445243783,0.018984773069785035,842.360784301575
A,206.87236579136922,0.021855729366856546,1147.6540349725897
A,164.73919689274533,0.016980074066420898,1138.009135414745
A,206.4816793878959,0.0204329489373645,937.443729849047
A,192.29835439167368,0.019221613823039604,1039.5803533437409
A,186.46155999388083,0.02583891030829904,1049.403018628274
A,212.23352577681734,0.021272104216506067,1026.0673765823908
A,220.61999044991902,0.021688013310376012,944.969484615458
A,218.62560238232396,0.017940615169387664,932.8376632061949
A,183.21564953554724,0.017561968879637534,997.4445929008555
A,193.8157524829757,0.017837209060901894,1117.2729019259364
A,206.62526862807127,0.021972260711891484,1054.3600154594433
A,219.51090254244718,0.017895077595898687,962.9385667913893
A,190.4165152430942,0.021448874284482066,1077.1698710648345
A,196.28682046672367,0.030377003993227195,715.1457379369924
A,177.87330051987942,0.024355623517158462,1114.8765700372103
A,176.0758675183866,0.018369882339160794,826.02862212219
A,216.25051644788397,0.026006069610819724,963.7559058596868
A,227.12480057141647,0.017959623134892244,888.0330105373856
A,198.55979756839332,0.00980937732411073,870.5318524279094
A,220.07065795784047,0.01495956844541298,1116.082678737852
A,207.2327205009527,0.010646040394870722,953.2298798688108
A,187.0976049078975,0.018242432579793456,1034.6503881730716
A,207.2279121101683,0.02009209189594776,995.3079421120816
A,230.76073132931938,0.028382186561376414,1047.7040827223123
A,199.28347921780096,0.021634636868820813,1007.6821891060256
A,231.29287311628013,0.01890449735595568,871.700777581143
A,147.6050979182051,0.024147027905917447,1099.626681944714
A,216.43805008750448,0.008944323454960575,950.6243416838688
A,201.74094136476342,0.021178072790542832,844.3418101340249
A,194.01985299068264,0.023854325969434834,957.1884839034087
A,201.83521553071006,0.012607068771100793,1150.075979063431
A,160.24862170798215,0.025718770216034647,1085.0221742113492
A,195.60656224324975,0.02169248203747207,965.134786559214
A,207.14225143023492,0.017923560430495995,965.0742295681571
A,229.55788089483033,0.023163909330531425,967.8364948782618
A,189.63459563452705,0.03135346428902198,1207.674798356084
A,183.83012794213624,0.020909331275292476,1038.1935452231553
A,189.96485912830926,0.02124110293150168,1043.004164719107
A,218.30804235404148,0.01770319550229878,1103.0283454031842
A,206.5750221931937,0.015750778152676042,1023.8789159026513
A,189.40479592465923,0.024151679082721228,974.0957854179297
A,210.26534866226712,0.015719580870455663,980.3650150915022
A,201.9415509869608,0.020357831186096964,992.8398740585936
A,219.37289981065777,0.017611712766174417,996.2777763490159
A,185.95893812245296,0.02239489912873196,1072.762954363698
A,193.44675706804463,0.021668310526434743,1005.1945885807299
A,192.15783693735685,0.025187699721289498,1073.2640077215578
A,170.72970103735764,0.017449918005726265,991.9283419891418
A,205.9224055412915,0.018650625323533145,1007.863519031609
A,205.2211054435978,0.015106181421088462,800.1799315467892
A,200.10226913284922,0.01777853369961944,1091.6327674702482
A,195.30825733249705,0.02188650246522426,1034.6488475897993
A,171.6925851589917,0.02378494308322676,1099.8010109859651
A,191.58709354469283,0.015389173379111873,710.3744621806311
A,193.14570966946462,0.0243480296005283,1208.8374704780726
A,183.9544546155676,0.026778189294024757,986.0410371844827
A,196.7742857666798,0.022067174516118504,1110.8182816737517
A,208.08101713629077,0.02938397906279033,896.009407287447
A,237.7237180242106,0.016131054004482136,1061.277390506257
A,203.49155625663678,0.013776726483442915,894.6584436826344
A,205.15100781445528,0.011106398755478607,937.6231039304195
A,198.51108168467667,0.027480221557445915,1191.4031353866785
A,161.62457569401917,0.02327182828177029,980.9317599236654
A,199.46972249101566,0.019722076645447725,1021.7432873179723
A,201.20460419882053,0.0213998431315991,1087.0067730688754
A,249.26484224970574,0.014372554763508117,1049.5681887972605
A,196.15278070437756,0.03222875989808413,1015.0418905143576
A,206.03094684667224,0.020646105909876138,1036.4961002466225
A,199.30576460589512,0.020546973973024466,1240.3415585238274
A,176.62643924760937,0.02362883311949346,994.2381202966415
A,222.8564562903004,0.022405046158683568,1020.1099046714968
A,215.0386606537355,0.021119420121395657,1105.0654396007612
A,215.82063894086093,0.01604762772277344,1110.5525932957985
A,181.8122509041052,0.02235734178567998,1118.703030556038
A,228.05588621872198,0.02941012248237517,1063.8730222029185
A,171.96297874415438,0.02672710023077489,885.6995087269516
A,211.7371418760054,0.027965933133196987,1163.3431532301097
A,243.80911251619958,0.017443921617844076,885.3654606981312
A,180.18927349738624,0.015051975898707097,1030.2635465239034
A,188.67404540794456,0.01937106539950176,924.5724149980642
A,201.99302730175282,0.020278624561443474,993.5861653407007
A,189.930486917676,0.025470957592354744,1032.876241030348
A,168.98673137867735,0.011537676851425904,1032.1357215450273
A,201.37125949612056,0.02764775159730307,1042.1920754235284
A,178.7539257254779,0.019209960507105054,1161.3711269058647
A,209.47184861270364,0.0178655946502629,1045.353430151398
A,181.61151531532394,0.014939478123699163,975.5843364709351
A,230.9986881003508,0.011725716640671154,1096.4087168288356
A,184.33493415327527,0.024115852919809572,1118.947048892464
A,193.55876967588648,0.02036658983594202,877.2392184863007
A,216.2703443473934,0.01355019550129473,1059.7400069849857
A,175.3827136713209,0.01352460613968192,1070.1172742310898
A,204.5491986920826,0.01832107650354936,970.2436496640008
A,226.14285508564856,0.028345107626446965,1137.570681331162
A,167.85033530877544,0.018702043243181976,984.9944412967474
A,203.69267717064608,0.012484285234409469,1012.5576453471542
A,205.19765588496847,0.018771284679570278,982.6928175716131
A,215.63645743554622,0.01863638215126165,1001.5579047581467
A,175.26098578243835,0.0065155667852921425,890.3724913104799
A,173.59086773831447,0.01972852566741094,855.9949117405706
A,210.43883131233795,0.018845327348956612,1159.4505063224972
A,205.93969346466372,0.023481031824067092,915.3038651681672
A,205.00985700691754,0.029244780474726728,900.8607650543693
A,206.9289641899395,0.025632825147738788,784.6609886396285
A,186.3995055684302,0.018655556547225848,936.1038252310498
A,204.64507394322007,0.014467370456291649,867.6910206592502
A,205.86144946597364,0.0328667990162493,1164.2015160136368
A,185.71297163947264,0.02029609217007244,1100.9817089342635
A,237.31549022289514,0.02006964645956473,931.1849654822277
A,209.47665841823576,0.019879374564449985,1225.2435805344307
A,176.17393005594704,0.020990423803839274,1098.1765486991594
A,213.1310721726766,0.019278197940380288,967.5168616491378
A,180.50636659545358,0.017131689965598818,750.0594285126426
A,215.74169207484903,0.01726570529379804,1229.094257259074
A,223.17191158014808,0.01983623364892001,861.0427533236405
A,183.5863536329658,0.017282876144331175,835.4601253043108
A,219.26752258488642,0.01643577108661418,1102.257043200964
A,208.25561853872998,0.020532151138459485,1243.9752406339273
A,216.4412031998898,0.018725113912895726,1138.4272818510517
A,237.93585965307895,0.027519964942913443,1056.390912005236
A,195.0922376799426,0.00674515095803494,1059.4754341665287
A,184.9252767128502,0.025457534259612308,1085.3415558780307
A,182.20971140748952,0.026230425962488146,1075.8928589786765
A,183.68379430069123,0.009633048837959252,1028.1191423969376
A,198.4579658117179,0.018286562029598257,1010.4201103951876
A,206.82303949633288,0.018142795670021042,993.7406872100478
A,205.5338159866004,0.012962441526410894,924.6035411133323
A,216.54366498072048,0.016110916562045625,971.9324923133225
A,200.26003783755814,0.014447120772670855,830.7043185804614
A,229.07068154314635,0.028761352217118112,990.166037320525
A,194.70686333524088,0.024678391965737307,901.1408892849082
A,254.40338333179238,0.026357775474970795,889.641068278423
A,212.51334695530014,0.023608360320216175,1017.9894151153478
A,182.85684887167434,0.014354741143913854,1139.20022863446
A,178.58215003877774,0.01737739866860113,1091.8316606002313
A,209.6494483048637,0.022446872806139592,842.9499396376823
A,195.530744293483,0.013889360955540274,901.0371863429663
A,214.28000988184183,0.02356499215086194,1094.0771187988216
A,209.4647524914709,0.018798373009209324,901.751260646169
A,198.54342174686255,0.018125895962252014,977.5366850002976
A,183.0641256386319,0.02355479984101746,1055.0052099024551
A,169.7030555062827,0.0222213165574302,903.1655545136365
A,191.06970095865958,0.0181951691709046,1010.537550614596
A,217.12797588646944,0.02579664901682124,866.5974505081796
A,204.2818748826041,0.014594683362000514,939.8632356048786
A,175.08522442576023,0.02307967803472132,1031.9781934142536
A,203.46361851702363,0.022965506289841918,840.700626646833
A,207.70634759457673,0.01845226780343005,1044.0474737960399
A,182.32285127597734,0.02163066511121059,998.0362201073319
A,203.07450211891054,0.013744432118073486,1055.2489954417147
A,201.16417436892,0.024620135096034505,1022.3914134064662
A,177.14059404338752,0.019075489317785056,1136.4140429973845
A,207.15574720696566,0.0173863848974048,1012.5224502647907
A,211.2156905273647,0.025245046129184448,957.0594458874747
A,221.66102486350553,0.016478281547286203,1012.2297503032283
A,221.07604104069804,0.012957693518182201,1054.329802903639
A,172.44661264085818,0.01221685413238048,1004.8860070325704
A,181.24349920169755,0.023030049756728198,1004.0591691203882
A,210.3007053441732,0.013597853237518585,929.8008312193244
A,210.2757190182442,0.02877397090992182,933.7099082449051
A,210.30095372612095,0.00959035296058139,859.7394728200306
A,277.05462981309444,0.028482281841450192,1174.957674318694
A,211.41781021386333,0.021055087336013092,875.6136764608715
A,222.71131280361197,0.019516434440648038,930.7094802204092
A,219.08003526986406,0.017275404565955253,928.1592734430802
A,213.02782502611595,0.021995680571760354,1089.492437694444
A,193.6946151071931,0.01981182648787576,970.5050321707972
A,215.17938440986535,0.025516509410082606,1124.7742072673734
A,184.54349570924856,0.020571138243310198,932.6509375756132
A,195.26362786519982,0.020751508807309388,1027.8994162223803
A,190.29272904341792,0.01818193893893072,916.4652946740242
A,201.63748278772644,0.01971527188139466,1214.5149127773388
A,246.29317133347018,0.021539008844460295,881.2401580970487
A,162.65469614816504,0.011449158036716872,1030.9820710227027
A,213.72520380749026,0.013259072889471434,1063.3776880932098
A,167.74568257620697,0.023716320470113576,1041.37990974515
A,190.56136268421133,0.02085432719063971,981.4712341122291
A,221.77901193934733,0.019080083318236605,987.0179300266574
A,201.28560038190926,0.020092169665326967,1004.381147197911
A,178.4451044414139,0.021737908526808354,985.2997998371511
A,185.69392581480065,0.017301201598453192,1096.387911679491
A,213.5919549786935,0.016108476372988435,1221.052300159135
A,185.39266736565727,0.020979226275488407,944.2508214992166
A,204.3291717916395,0.01510813611192484,863.0197020420921
A,200.91143679807627,0.022041263778572358,991.1717951648745
A,186.96799304788365,0.011487081978810798,1257.970933765432
A,242.8788817865065,0.02514577818662822,919.6325432030269
A,212.67838044636022,0.022362987412065216,1163.9116805444069
A,159.49714826684786,0.02128014867156938,1167.770081407644
A,203.72908629538856,0.02491345491972757,944.6411758292005
A,186.76427070463225,0.028327372222312883,1056.8983079185275
A,217.04866669592448,0.025071850325090652,1162.8396623128538
A,184.14958523134598,0.010795628843341773,962.0872259012513
A,197.70527117066203,0.013602115166321493,979.6419639897638
A,210.09974557960913,0.016875907111521607,941.8319086051356
A,217.31510388340243,0.02013045525105417,898.5243269307133
A,175.99407185888447,0.022588295102345616,935.0722454933994
A,193.30997528318102,0.016371280934232672,877.6059733237744
A,190.50109377678086,0.02093383382238539,1003.4083468259226
A,186.93341534852576,0.016223085338233387,923.0026768941358
A,235.30908480562192,0.01694241098504026,1023.3785911790748
A,208.0996342192191,0.012966694515758888,844.4104353796373
A,174.7823209132991,0.015383833769445479,1033.0880232214456
A,218.35723894109552,0.013241576971918332,1083.3528961608924
A,242.44312394025266,0.015120633735113336,800.6264357428545
A,220.64930521102295,0.0252682089830392,1037.4056569847571
A,169.61260068091974,0.015253005555840285,1122.7668992473293
A,190.31531854267496,0.03316191032418696,879.0358981308794
A,225.33822298373246,0.022466589504404447,1167.2572386837703
A,185.84661068762438,0.02092418061847437,1041.9019009366045
A,208.87638856292457,0.015708211099093934,929.4988144241591
A,215.49268106858673,0.023501549397044956,994.4230922342294
A,181.46139056843833,0.017121810868811132,1055.8326912521723
A,198.809492878764,0.02061004907322681,1007.6005391412411
A,135.17465319861856,0.03280042269134398,1053.875599244637
A,179.5122471733142,0.01951970050137675,907.9326406920634
A,194.9486369721368,0.02574636663142838,1016.9360824036078
A,175.044336360703,0.01648411787437056,858.628550309502
A,232.64822607863272,0.019825057547515193,988.87739386513
A,171.39717244078736,0.028854003178177552,909.609235853521
A,191.19911026606033,0.016865164711061163,926.4470057410233
A,202.61481154572184,0.029062242789984642,1123.6093175210437
A,228.82546578132232,0.02353875967727738,1109.131012059427
A,171.2827569764112,0.01718766612052866,1060.9138120907178
A,223.26327504309918,0.023162038695277606,890.7687235327421
A,200.20466122039173,0.02486277224813365,968.3591550305198
A,180.36982697904097,0.023109049811085983,1121.3097699979182
A,209.2420694852654,0.012148876400547718,1014.1716913639905
A,203.9811939114694,0.016364314120875658,1231.9329539981695
A,187.9956624568241,0.018762406822242478,1039.3317839394372
A,201.39604169980038,0.019627832854499767,1019.2049116490032
A,192.29372806276479,0.02310336048775339,969.0883535797499
A,202.27034690502495,0.02088850500466627,1013.3540904782283
A,213.24261349042092,0.013323278206449494,984.7530163619456
A,231.72033632290703,0.021900989255029816,1070.8108676688591
A,175.24369002346302,0.023052928726419116,1095.6702316794583
A,242.66066749312535,0.0227989522396552,921.4010539492051
A,160.95824400954996,0.02540390362777311,866.8767046442222
A,196.96429809928833,0.024169610772744522,816.3794626896704
A,211.76634412969153,0.022295900396142182,1050.7991326912543
A,205.61983735470065,0.019649171442706764,889.6633393826127
A,187.54600960358812,0.011695195332420043,784.7109407047517
A,195.8375549928545,0.02214809109566293,1038.8578604530965
A,190.13998130682336,0.021038438435815557,1249.299951743279
A,188.21270486111578,0.021357894185976868,999.3929088460106
A,216.9920419404205,0.013616257120898454,1083.849077445164
A,207.14030971930094,0.014594717297958689,1008.1829358547565
A,186.1418080947869,0.02526576426666452,990.1110346808857
A,217.991997508665,0.019802224230716724,1091.9076482987768
A,206.14599041753218,0.023407503486863122,970.9725455811349
A,216.2572423767792,0.020141591880652305,1026.7392314071903
A,212.59257683847224,0.020148780697478726,1032.1697806196014
A,183.42009978155855,0.02469141902987999,933.1909546356951
A,188.7963791960606,0.01741977635891313,1099.2042349536523
A,214.94587210246524,0.020480603884704917,982.5040243304592
A,212.2074053086693,0.017688623556474787,924.4254840507156
A,199.58196812071705,0.017827518862838423,1053.6509843570404
A,202.34654766617564,0.018454139382656803,910.1532018208962
A,225.5532979157685,0.021110668858168563,1002.8181157369128
A,188.1685722232834,0.017606256891682614,999.0881003355796
A,210.94194762340075,0.026278780627867603,1108.589556583158
A,195.95614695132213,0.01552696348890248,1047.4698232879953
A,195.64637593545558,0.019065641779193204,997.4973041254856
A,221.9755370397438,0.017801344708629124,1081.7766299200287
A,216.5083269797606,0.027234889421768667,1139.0207549017314
A,216.27019272001277,0.020982773882557874,1055.7810306351862
A,226.10957614308657,0.025159222697343175,1001.035261984338
A,200.42007683265518,0.012572198134815141,868.816376764984
A,213.6390594258993,0.021335251329346293,893.4886336924627
A,193.79466486813087,0.024448153978117185,969.4775295645333
A,206.48332704976883,0.020411419946377123,939.0487797840717
A,197.3971389126463,0.025327401875326755,981.3028697014554
A,201.93991929985435,0.01741355774949814,1005.6649924897107
A,211.90314050873826,0.0270467372009279,1052.9692754356731
A,183.63558633533054,0.031494490618096255,992.9501221940909
A,241.8477455137092,0.018185807197801704,1048.6501643826202
A,179.87965237000597,0.017772487392996143,1006.447441481012
A,175.71622774424537,0.027266922385588505,802.4533433646129
A,223.16221747000137,0.027897860728653565,906.0664606181246
A,215.8332538792587,0.017385699864233658,985.5912444278384
A,212.4823963410431,0.017899065914520715,879.0305257158892
A,212.5669101852856,0.018591076955697464,1059.9928729996204
A,199.7550645430617,0.013277747444828614,1153.0750832343697
A,182.05491257028336,0.01540674026757901,1121.8761851697316
A,201.51609116387453,0.01497929616623966,978.6557129069791
A,186.45676576975777,0.016161012174479357,1149.0726136849953
A,219.502394668355,0.019826575563066093,1014.8667457202112
A,197.05885236995724,0.021171073662682605,966.2914028881961
A,183.49005606414977,0.027752502464070385,938.659733645906
A,193.57228316694014,0.015008229796306045,969.7530313511871
A,208.2586290855125,0.02492161199238292,961.1823181458772
A,188.72550894392052,0.018930055778872454,1017.0416222375487
A,183.55559208867137,0.019752681451737836,1016.0573981049864
A,204.87374422983825,0.02337409746083302,1000.3046020153414
A,204.89933142217444,0.014386389892188507,1043.693816974635
A,189.8611364925774,0.021912048730920255,1119.064627478634
A,190.57923388763354,0.02083226104106528,1094.9554135441324
A,204.64099874715274,0.022462256320040747,851.5102031550097
A,171.03831317005353,0.02144584321953909,744.6078865098045
A,171.8507245124689,0.03227650069955447,1093.4319911239274
A,185.63111557495128,0.01681130007874342,863.3121301584579
A,195.73105696576306,0.017345015224990913,977.5234598107317
A,206.2181513119601,0.01688429736787618,882.988697394064
A,229.50712433899105,0.017222614404198727,819.801956241998
A,217.1531924640404,0.01681306436346741,1054.1462728204788
A,196.80122940073147,0.02594508265553776,1075.9155160302646
A,199.61967584194622,0.027102521239949273,942.348959927328
A,179.94941270724382,0.017146268531252618,740.8957707855091
A,199.6297372801522,0.015838222134478858,945.3755551747518
A,194.22682722159723,0.022357077781932022,1039.1804005402546
A,206.45437120676178,0.017238884778595143,852.1088431225871
A,183.45538112895355,0.023164659088777555,1018.3359919779156
A,210.38693028482345,0.0210146151042565,998.4690150827005
A,230.65477826005156,0.01242127942501384,1057.9291499601088
A,197.82479703086284,0.02773752600665031,1011.9580368414154
A,208.03423444197884,0.02897938836547761,902.6931059118444
A,213.80287983422224,0.01693605654757807,1119.6571501664491
A,191.9755905622833,0.01806149220032008,984.147042697303
A,204.48184963620832,0.021429326953624525,997.2695460490069
A,200.2518480156359,0.021672283949935124,906.6732040926804
A,201.95352197097662,0.023292721363364154,955.671774880849
A,184.53980432289066,0.03005102269383175,911.51972859731
A,200.49020348517885,0.019115263862529753,982.7053940076577
A,209.959965824909,0.01600851377730773,1171.1708480142343
A,229.02287215590084,0.013103403859927365,862.8098857068644
A,219.18541652170413,0.016345349800290405,838.6438602123259
A,243.06364915023113,0.019834365135631016,1147.1170327493608
A,184.653048742239,0.02897278931758894,979.0676322848134
A,217.44641273441357,0.017411943504819144,933.0927261340083
A,203.66684011476704,0.021118939758194493,1103.9904687396076
A,243.79605866435344,0.01991788551963624,939.4384460263136
A,183.83403429289697,0.025941966367240422,1182.6009713546937
A,183.20556315638447,0.03263466212936811,1067.7925871339269
A,188.01214709111954,0.0173456561353984,951.2088591854297
A,157.52208551380386,0.01755280278740889,1215.7308213265503
A,189.48489956638477,0.02522080438534536,939.4285076996662
A,184.81734676892603,0.023409457448131558,1074.2095372009308
A,203.00787572952416,0.029233536628680168,1029.9292580406493
A,206.8351195155432,0.02291964092662982,1130.17412893988
A,237.52341678431773,0.0182035395460647,1156.1511196726854
A,219.008476763721,0.022953274153461548,1003.2004149065766
A,188.46192688675194,0.02554351790291454,924.6582129653816
A,182.03170657303284,0.02410241090598682,1045.9972142939116
A,209.8383834301301,0.02253637015553649,932.2284630247893
A,173.59533585958715,0.02533337344794577,1201.3387247526623
A,236.62917531708706,0.025846477952228365,1013.6535331082738
A,223.58880241442574,0.026910794955187636,963.4678448687891
A,190.6164869579059,0.023243549437948215,1018.4680305864908
A,165.73730941818246,0.019164409598415727,865.2873710470303
A,227.07744748330825,0.020733568432166616,902.8385961489348
A,197.70920309494764,0.026032544832541783,1120.0413907944426
A,224.75632623946925,0.015915321645063818,934.3105721028604
A,168.11144682411265,0.021843366544364508,895.308901731806
A,188.01249954092455,0.018033305938363196,1053.6652752527286
A,200.10487399436366,0.020143724114674088,1118.5704154662997
A,200.93961187529484,0.026392259313036494,1071.8953310665067
A,190.99869057041514,0.020955495340099516,1099.6047685805815
A,212.45699864694998,0.020232182740780744,924.3204911430539
A,178.6475914123481,0.013200719295100404,857.8189333258156
A,197.15241029957414,0.023731267830136103,1150.1333651955488
A,202.40591263423798,0.023227420905705377,967.7320161157865
A,210.28877668117497,0.0308162736165273,974.9166983544952
A,214.23229756177778,0.018461108825234995,1132.8194141849058
A,177.50715816324262,0.021095751638319695,1055.623000940066
A,169.31771658528754,0.02124691841855378,1045.5887772081608
A,225.5535364379702,0.027887266398817372,1216.5002344901084
A,206.64628023959185,0.01952352233806524,935.6481769619857
A,185.03026926886892,0.021395107628851696,1092.7840128081236
A,231.02303951045047,0.023039482548582697,1005.7013124897085
A,202.31349268585717,0.02093304561578179,1026.8592278863257
A,223.58594368127652,0.01776783192724736,1152.8468426412533
A,201.35036962820217,0.020970449964491537,1050.7835756289624
A,241.21495849763974,0.02536815874929886,1053.8296079049633
A,235.10681684886407,0.0148674235029447,1107.2507337309803
A,195.02071703041852,0.02066484837073438,963.5047270457114
A,219.43141901908712,0.016499395925304135,916.0790332660994
A,212.90751899170294,0.025975233144624212,895.5190805978966
A,227.37263115064698,0.012384065476081126,803.3643410623998
A,180.70153078839792,0.01720539076364206,1205.6207129940321
A,213.7210291999688,0.021886059375322606,889.6791634278317
A,221.16848973699175,0.027827620146171704,977.8746376414229
A,164.8252102715377,0.01967124869463506,972.3186700111079
A,176.3348297466845,0.017224002366534007,1030.7406697809101
A,159.21535644479798,0.02940578534720295,1081.5737212539298
A,194.61186331110883,0.01275993049791878,1086.0473488359746
A,214.35084511591924,0.00900597021689959,941.6922561431062
A,230.04714104192055,0.022200072250266663,983.2878286213588
A,201.4818956083955,0.017489728878236944,1028.25799504883
A,232.57231091142583,0.014893835914346433,975.1308873816453
A,172.39797083570218,0.023541782236496767,1160.7345576019993
A,165.9323512128969,0.021219003568855994,1049.0974951638252
A,198.88904602206762,0.017179606846316357,1073.4877786049817
A,207.68130897878615,0.013598478006645529,1066.2881268667413
A,199.34610503811814,0.024362286641400725,1117.3473857485326
A,158.65115799920247,0.023251005889793307,1018.1021558703707
A,198.21759920974424,0.019504120681103087,870.3168052044153
A,173.91060998990292,0.02923318498023833,1039.9687951752642
A,213.39345097660077,0.014649576168369236,934.8643106208172
A,207.33196492193696,0.012372374145376307,947.1383318250244
A,181.20240427345288,0.016540459650593777,1058.6364018755094
A,189.72266165326613,0.01977206991822251,1123.8283071433636
A,178.81572956222098,0.02121669724661346,1002.1271576736061
A,198.74641805453658,0.018793819710718352,1030.8833012598964
A,219.10284641002477,0.021760276982571485,1170.2214944635239
A,180.28547907328914,0.01374230287904778,1024.0753179488568
A,210.08093031035688,0.0272188230203663,1260.1683114180396
A,189.39484763255118,0.019589244108037158,1056.5509645631544
A,184.14254335475312,0.02558647915794064,823.9237240844183
A,197.85939280090884,0.021713626731888522,1075.3341621104532
A,179.29515355161251,0.02228376609576892,1038.1158384882779
A,188.92701389305637,0.02284883640116102,1128.9752754082747
A,176.04244214822302,0.022238542800086573,1067.318135126996
A,239.2945026583278,0.02321361379933772,986.1544016016226
A,200.70527103943456,0.02664576265066216,877.5701763710634
A,186.0054898401483,0.020982605848507353,979.0976742713975
A,204.27959821468443,0.023545018787942563,914.94795457907
A,197.7534390061834,0.019551321528563866,941.9476550195277
A,195.58060800933555,0.027200586077247364,1058.857840442061
A,212.2833340008685,0.01661803848970365,1166.9904504351407
A,215.1501542009461,0.02900470216455408,1039.467152982298
A,189.38997704778944,0.019799210246778283,880.4116937964816
A,188.4836351871064,0.01284612448940976,1044.460266822014
A,194.4989660569671,0.020640522074553948,1119.6631486645651
A,153.9615767052883,0.016594741712625597,939.0217095680617
A,169.69617875602896,0.02420321774494362,986.5982833327082
A,227.33748534889048,0.016736880103488047,1001.4688194729197
A,232.89935427002567,0.0177690828339261,921.510168691776
A,195.01927920887243,0.010552296345272345,1064.8280433843859
A,211.53113926111533,0.017738468403754617,987.9051851392219
A,206.22500309087073,0.007880603366855216,1041.9532443907028
A,261.5776161691048,0.012080485882571384,911.2507822197899
A,222.39149822869155,0.023802073280721488,956.254169967659
A,197.44164817038467,0.023929000793254163,1072.2381357827771
A,180.88919118799149,0.022127287808924825,962.7166847908233
A,167.87107359484855,0.015165119284353936,1172.6963851233404
A,204.06927271734446,0.0197614432192901,960.0363814385398
A,184.87298509431395,0.019981987304547158,1022.4684725751886
A,171.5549258080465,0.014208176554037288,1093.259083187309
A,187.06854231514947,0.027516991508835752,858.1634267066968
A,178.3690399277121,0.024386811452878358,823.9191188019224
A,233.74283270145128,0.01889517913085168,847.4343685429906
A,217.63279513898902,0.020134429194972655,1126.2584103427182
A,199.84054717366766,0.021041914039737764,944.8141854107553
A,229.59888277780053,0.009791325657878547,1255.8199285668252
A,201.54736615295238,0.018764113087397016,943.5752401342611
A,182.77431597343474,0.016590078760011007,1018.4551303197037
A,230.46248154539313,0.014991899950525422,1154.2109952567876
A,210.77820087369318,0.018594498535570225,1200.6092888159124
A,179.25507691347087,0.028988432634247614,1206.1503576636399
A,196.19322643832783,0.02320421430633505,1120.8366230593142
A,182.48763493230484,0.017144105051086017,1102.4062525811462
A,172.34400538071327,0.022862913906780795,1059.2526949201183
B,200.56722152333276,0.04324821725025619,1118.4735596663438
B,173.97628567342935,0.04855481329284483,1166.1821592639433
B,168.63602233155385,0.04207580079000039,1010.2429940180012
B,184.93251085178096,0.0469203847036096,976.53159185907
B,181.59630754950143,0.031063853330462146,919.7819368130642
B,175.9354390134545,0.05213293707372939,950.9507364025254
B,198.9277489491343,0.05001205475362225,1403.8913310370472
B,204.1061041714102,0.0418291136893181,1199.3615496884145
B,186.76813772583694,0.056592456684324055,887.8710760550374
B,214.55060162110524,0.05937570137626559,891.3050451907716
B,162.1662177173299,0.033924401356310266,1107.823927406219
B,181.12681081440564,0.04237275221433786,1115.6717756853561
B,170.6635535879439,0.04230857650212702,1115.8660602380837
B,147.66926765853879,0.04060096898891136,1019.4053047735563
B,183.34638628314602,0.05829474841931749,1034.945488799652
B,182.56504983233432,0.04806173861227197,1089.3455428991228
B,215.26899486484263,0.0473548515868939,1060.3071607551997
B,197.61623369109554,0.02996137635593247,783.6839552702958
B,164.5162635134159,0.056354180302092265,1022.4240443309767
B,222.08185132668376,0.03760741605146528,947.8312278887623
B,209.42067391050705,0.05059932630266328,1071.0253702690216
B,196.6419540693723,0.05277376937958192,1408.2310803124092
B,180.47031802300336,0.06360658595838652,1094.0977998569165
B,165.8112152655304,0.03691179600880888,1012.3764376593123
B,177.55586447857894,0.01980487844179175,1160.6161802372703
B,206.7749723940837,0.05183849544753695,1107.9225464651056
B,222.69172611869217,0.06800511181510854,1100.411338854221
B,215.86487056544377,0.062389463529394375,1122.8220711858805
B,175.22301156427451,0.05209659415274626,1296.785227779545
B,162.60765133421978,0.04508363814367953,914.2933877608901
B,187.81772493822407,0.05807122596637311,1106.8358492173745
B,149.63121268874298,0.04026453800295532,938.8342644022154
B,191.46335428369562,0.054763577693562195,1116.6615175610698
B,182.04794827402662,0.05505470159166627,939.7576186216687
B,175.67926996263515,0.0606020990749888,999.9159823673899
B,153.1059386546641,0.07759660038911079,1014.5892102914512
B,195.27200213139434,0.05392415967178767,1167.0980063213651
B,174.3459832067618,0.044910363742925015,1160.2145332730897
B,161.60166328579425,0.04974425687808006,900.5139148264338
B,127.554755734367,0.03230924095110882,1056.5920933199818
B,184.44970189898729,0.04305286868910942,964.8504174300992
B,220.4450319333949,0.045907175618868964,898.9794107189598
B,218.2251842909574,0.04475911602065408,1023.9579539490755
B,175.85807486827457,0.05152354872033722,1012.9820653853017
B,172.95575879276439,0.041775800676178,1341.2059783614627
B,194.37548512150047,0.061210306673244716,1101.9551790432836
B,165.03229121623417,0.050002070649181975,884.6858999094916
B,191.03583799638932,0.04990699678861386,982.2271194994869
B,200.3216055676938,0.046721052834870824,1172.565995451528
B,209.53866447768615,0.051551906838589796,1300.613132744391
B,182.99691847040094,0.05825098264667635,859.682002531445
B,180.92652499646067,0.041328697842891,824.4090737833146
B,167.4403482648688,0.04341883510924743,1274.5158210446139
B,168.46239291920278,0.04696273971223336,1096.7537012845085
B,180.47042216196945,0.03654129076526785,945.804872174836
B,192.34731013632356,0.041807421402785025,1114.1554903346923
B,203.27169252466499,0.04523779126455341,733.7102713179747
B,168.9364209863931,0.058743891807127274,1050.4050607916593
B,214.85377137919045,0.05262561329001925,1089.3385407411702
B,179.5775279791486,0.051935899113675445,1160.9124167445395
B,184.5726541130313,0.058508979621679724,928.3324857248955
B,170.05576641704354,0.04862628211600604,1060.2824593684031
B,136.51519479454117,0.0539046484992889,938.9490448728495
B,202.680907927221,0.04896778247067504,1080.646050680918
B,199.73687794184866,0.052653623493996285,942.5584413164371
B,179.37344885763574,0.044172413423884185,1001.0278993007735
B,186.33981434449743,0.02561182841723571,930.5021526251725
B,195.318784354082,0.04865720837813696,1128.136349018839
B,153.74908286226915,0.0642274813609994,1153.0141339988
B,174.4189464530741,0.05926215402241593,1021.8455316051103
B,200.88529359243654,0.059653974845911714,1054.5885593952034
B,159.91421153661503,0.062361307218062184,876.1690302439747
B,190.8711586433326,0.05088657590961438,1014.0388022391855
B,157.8683639075319,0.05197315707405596,1043.9754459549906
B,194.32859964867052,0.043823481045656504,1364.495170923597
B,184.28717035405032,0.046839271439729505,916.5639569071004
B,152.6973636818898,0.05615771149771142,1225.7012686502926
B,208.29478708914343,0.06203884437168816,1169.623052815897
B,170.30816846403903,0.04860553724319001,1083.6763685388164
B,168.79495125971238,0.045498107351485885,1261.034458103416
B,189.01138394461887,0.05000527958856597,1094.6526567128235
B,207.9727469885743,0.05601206748929115,1096.6991034801515
B,164.68356362043207,0.03556145183866458,1043.6255216378945
B,186.23359699695942,0.02703819046862762,1196.8282658902353
B,193.57633000661147,0.04449463150508417,1181.576308057306
B,198.86211214526287,0.03779287574085842,974.9187255004545
B,188.5288311055445,0.04491859802352689,891.6903366481479
B,177.65944321833356,0.048522196811825284,1025.6423235125212
B,168.4481955870256,0.04546751590976987,953.9953722722825
B,186.7228776609275,0.06452467534470746,1042.3770510461575
B,163.55721976028786,0.0532674476460232,1198.4925761620966
B,126.57299033010786,0.05300474359610829,995.1238013895852
B,193.73119608315335,0.05622207144043402,1044.861194242611
B,203.0786968217239,0.03861166882219231,1056.9627281770074
B,137.74135128916322,0.06039111787420269,1151.8117058646342
B,164.80538590580124,0.049242357134645406,780.3732799218474
B,197.38308522010396,0.05670480617241213,977.1959646281643
B,226.149909394234,0.03928142766959845,1075.3540430735368
B,185.41587415350816,0.03446241233983936,1194.0094747712233
B,170.43994117541732,0.058178896580250286,990.9717062992554
B,181.3420711779032,0.05376409526097517,824.8136752749751
B,212.4975283829637,0.040979484456424894,1124.3653735159364
B,172.08071641750928,0.04130336918725306,973.7565133409245
B,169.01615986699494,0.0612543478441477,907.2400009091566
B,175.34512955635935,0.038105881071326723,975.0785532344131
B,165.93342783482575,0.06642672953255964,1027.856957081298
B,187.45340631989592,0.040993792653521315,977.4306402554145
B,217.4935691693912,0.05638391925608383,785.3320731481117
B,191.46158546232058,0.04671381524251016,1157.6479436264558
B,179.95292995747425,0.05603187431082343,1202.9850049534466
B,179.16377462168913,0.04455885997885808,1128.1826389607406
B,153.73618382606685,0.04837207093927706,913.477719549022
B,202.66219554294318,0.050409191753957215,1025.8210159262978
B,183.44325605974396,0.03997812544218528,1049.217442172465
B,181.3904017281875,0.057408243454201265,1121.8553267474292
B,248.86215135689721,0.04486786433528415,1130.2008586461698
B,190.97505816731373,0.04771400084659982,961.8991441465805
B,169.96417899809632,0.04005650625391488,1059.8394667696273
B,176.47284807588915,0.024376663412046896,1104.8736485538288
B,207.9689141839351,0.04808972237399831,1224.698678657612
B,187.26540821075528,0.07412615421612917,1134.5407847789668
B,156.23444043365265,0.05784604287898024,1144.6868024850623
B,203.38457869150406,0.049807396202656055,1060.0591953515234
B,171.63711828922013,0.047371091707917326,1219.2550974244205
B,222.4659555243509,0.05022465892812047,1099.1715355151398
B,206.60096131429296,0.0554711911517521,946.6694507791715
B,176.05356208682497,0.03819187184691156,1218.4043964150228
B,210.62032723470224,0.06114321694668873,1133.7483927046833
B,186.35711021054806,0.057153813154412446,996.8347174645821
B,202.05547350244439,0.057181857257079347,992.4608439120908
B,194.69465634588948,0.054384757388097275,1085.5890654168913
B,168.07286690018253,0.0501961665769399,1105.5821754321103
B,172.12900335365077,0.0567286123596682,1073.6750718757448
B,205.59921635162323,0.05591814133741378,1087.357040813146
B,178.30449335786918,0.04645959289058976,1253.9948849491657
B,176.92703073516006,0.044263982271031,1178.5851782681864
B,165.89754841301294,0.05101856295261987,1072.876270951803
B,193.47198131186923,0.06549020151495187,1162.957269692098
B,226.2504983848629,0.037608929243460994,926.0971315766952
B,163.64934171491456,0.0353247473424756,1097.751245993617
B,185.48438913345515,0.05164760841236517,1267.1167619679732
B,213.24441110830858,0.05050887701856018,1023.8344925529151
B,183.4071721750857,0.05173341664370409,948.2839285657099
B,194.0474359249947,0.052439531979085005,971.7493333688327
B,163.75212943706242,0.04776797745365195,919.2440355189134
B,193.56614194415297,0.06489863438602082,955.8285710246756
B,181.25711469990904,0.033990960215234844,1005.5390281691965
B,204.71459991359725,0.04171502975219754,881.331957698563
B,208.74772103129501,0.048967452398509526,1051.8742000739524
B,236.79127284037227,0.03356811188845833,1158.2732608543977
B,196.5926634642715,0.04824145595567929,941.0692583823695
B,191.51592633164333,0.06661470165728019,1232.3140708370122
B,188.8876860315467,0.05020886488295962,1111.2950506233115
B,177.93667414378623,0.05230700905718684,1173.6696702748868
B,191.76967686923382,0.0373983523482742,971.0598535377435
B,179.0919717972194,0.04383638591960523,1152.543027247994
B,188.36921952539228,0.046248036196760635,918.9679319525624
B,211.35195071215918,0.04682284903243766,1156.8297001003812
B,164.8691486944072,0.06281643795003769,1070.6207207752238
B,207.7975712225809,0.05557691060725125,1116.390146398174
B,211.3423013467973,0.03888542043062968,908.9286473250178
B,182.63862946017844,0.052465047784320054,942.5916189268074
B,142.5629020198281,0.05498221748496786,1121.6673861904062
B,172.84356025811135,0.06140149038521267,936.1982394930959
B,210.93989093122218,0.06580540686568373,1105.5847550518947
B,184.54263875402236,0.03984905808172132,885.9434632247705
B,165.0139553541018,0.04189142488789662,1151.7809055200003
B,174.90450157543566,0.03742422141085384,902.0972022277789
B,201.81240053009105,0.04765980140893019,1116.2759925215428
B,195.9346713640276,0.05466358374446335,1125.0757120375201
B,180.2213580166061,0.05987334516589102,966.387381788451
B,177.66351176370625,0.04924048976357478,1119.8431880501673
B,177.16483701912355,0.046801524767451565,1081.2530716000267
B,166.55179631002994,0.05151757992248741,985.3389772568714
B,217.30751378938885,0.04164857098369977,928.9734379108551
B,178.5535906157732,0.07089538721694774,814.4849169992905
B,209.34317041650993,0.03392338972881942,1091.9580056759632
B,215.42632103844903,0.051847405788957246,862.2236674365533
B,204.9662179629592,0.07023606219229639,1061.441303932957
B,176.36759374563903,0.05006799844559998,1018.3862140701301
B,193.07460180673218,0.04809960964998506,1131.4971330525834
B,184.51608787218169,0.04642554577189573,1013.7545400612163
B,166.92596278539745,0.04819608318237593,1010.466265638349
B,191.48718563443205,0.0637284847467653,1137.8244845145955
B,161.41920417680396,0.027881380886704932,1090.206963490094
B,208.75358776923127,0.06533433701296326,1087.9387148619335
B,175.70765405403213,0.035760428475498554,1106.3121107770232
B,189.0231931174568,0.04733347670765586,865.7313452151473
B,190.66575743092284,0.04570755579701338,1140.814641598438
B,179.82190052591847,0.0558855326977072,1123.4962552816323
B,196.7338760295055,0.034018756481162524,927.9980245708203
B,175.5019268675495,0.05462172666081943,1020.7103431590958
B,202.42594594914488,0.07024309623286853,1045.2831254846842
B,158.08040639506504,0.0363682599540719,1033.860385871792
B,187.52759159092824,0.05189706167610396,1090.0631959882242
B,223.7785799811657,0.04338017822203391,1221.764013819742
B,164.99337350788852,0.05425887206193036,1179.8120073207394
B,171.44510058950297,0.05019147777415752,892.5336967882313
B,195.2781569931783,0.04358513090955691,1124.6483988367258
B,188.59163563879196,0.054878722848710745,1209.4719983442492
B,192.01260198547118,0.06804348109786744,1096.4170224827044
B,194.78374260295328,0.048090962082727014,1180.917651022316
B,197.6944293712354,0.05719757942148182,1291.4724534840918
B,207.19399683912445,0.037067270421288365,1172.8451455328377
B,193.19637313857027,0.040435636231819914,1079.9170314770074
B,180.17484690762916,0.054724062778803775,1175.4106168901703
B,198.45147402405462,0.06484116028535965,1067.386539971627
B,222.9976386979043,0.0535561334878566,1052.8683651941947
B,182.34732507234853,0.04686941969476846,1007.8302917143521
B,165.50941390658716,0.04999291405423354,1237.609603059853
B,207.14161338573945,0.03749592266030283,951.7885600869598
B,182.59237672092803,0.05604515326355367,1233.884126961374
B,141.54660907971927,0.058823330623234096,1109.9836948488446
B,201.94843354300843,0.045479096671669196,882.083259023767
B,174.29343628092155,0.04529957852240499,1094.1179151589706
B,183.1893343539168,0.05265878229652049,797.9968190818051
B,191.6396066113803,0.045632802639594044,1125.0609620197242
B,188.80999359558132,0.04933867385374178,1156.2277779586789
B,199.18903634278078,0.07099721789166516,978.9172853217535
B,176.29027258860313,0.047529742992540036,1064.8257235146698
B,195.26211596352167,0.04641659847978778,1284.4988920500343
B,179.80906644832166,0.04352458194364841,989.3103954885676
B,199.77620961775006,0.05744191971499937,922.9310895532079
B,197.30734968026107,0.04818775826781897,1227.799608295512
B,166.2912259591081,0.04350626961678574,1285.5104628636955
B,206.71964232350064,0.06321304032273012,1050.4434806217416
B,174.28073109771904,0.06419603004513638,1171.3755642490028
B,201.1611559656229,0.04399576434261295,1210.9771098637057
B,192.3457462680268,0.03133460048639384,960.9018920953939
B,221.76367353590246,0.06007513689836923,991.7632997558558
B,180.53068035256297,0.043153701742399964,1197.7049415785682
B,178.01366407763604,0.057906255991627686,1252.2017134450211
B,184.61160788224535,0.030298961822881647,1117.5457032209226
B,178.93640434331448,0.058925973382993095,944.4222775797534
B,200.998838038841,0.03788828070719219,1288.447333403933
B,152.67378783126824,0.05730764119066525,986.2834922625642
B,163.92635161707292,0.05014273067836435,1009.7834662594258
B,163.64394156841615,0.040460605806033556,1091.0805401387545
B,204.0061518394715,0.0459296368707322,1236.4992504857728
B,219.2122674516385,0.05686318456956701,1152.477117186267
B,182.91101562925056,0.051058944531152346,1099.7838600434293
B,181.62356553619978,0.05584412980472485,1105.5946236141726
B,186.40104326226364,0.06976440584515486,1055.221760237216
B,208.2375660521638,0.03435758388288949,1116.9767417422208
B,166.45293731618852,0.06617212574968624,746.4527906766837
B,189.7673796546957,0.05104355937523213,1014.4071049116242
B,204.5039525956486,0.04101215951676872,1078.9586321900138
B,195.02188339879692,0.03669686374261011,911.8783099656591
B,188.79163233197488,0.04810879609222967,1096.358798137387
B,205.02092185134282,0.0592165011192446,1025.4634534816655
B,130.93535414001525,0.04872450879622466,1260.6570837978588
B,198.55750639061816,0.06511154930247348,1238.7623670257829
B,171.91848633745153,0.03548824309948441,994.1033317058204
B,148.38734206287086,0.049879110521539455,1031.8994746119965
B,195.22405199049962,0.03747606555586881,1041.126292126993
B,212.47317090325916,0.05363631882624968,995.8008628608453
B,182.25102970744615,0.05886887390097301,1073.4029980833752
B,204.05749094405877,0.04579238206318947,959.0061517334892
B,217.24556515977292,0.02395786143372866,914.3261598074969
B,211.29828907168095,0.05198948146796495,1124.7253468680321
B,217.79929058742786,0.054367385517335096,1125.5435501066172
B,199.84254982143784,0.05404294754961698,953.482108840801
B,186.50867277803187,0.06235782191822155,1157.4426516915119
B,152.96068376205665,0.03928946320350951,974.2106725001602
B,180.07875023740104,0.056802161054504495,1080.3798285645578
B,168.13506809367615,0.06192507512477975,1148.4412815134947
B,228.4188543499563,0.03221412415993483,1045.9664922355544
B,181.48228375135326,0.05319651825918977,1104.5689094569361
B,187.46409613568972,0.04495820168992329,988.0284427334914
B,196.02970752080935,0.049184773268983545,1026.4240099886283
B,185.87204892744907,0.05347676483538337,1025.2968682943592
B,218.90102080861504,0.04512771435886448,960.4105984151713
B,172.54701276531097,0.043242919208383884,1028.7871004261062
B,188.89214910474485,0.05034152417488025,864.1658041363504
B,170.15058828603904,0.039127540611371976,991.0615503429474
B,158.5995497755859,0.039141748711148144,1015.8149407956395
B,172.7646181818943,0.056793732829565034,1019.2584297005544
B,184.25926405903175,0.03851205964841344,1021.0203064955066
B,176.4139555096548,0.056663125009092125,1042.5882960167846
B,171.15158040252288,0.054625912928539515,1107.5329821703276
B,156.8736507265633,0.03274193271209404,1154.9420488959026
B,183.3378885474261,0.043224353476643454,972.0281727782079
B,154.90559251937995,0.06194109403047373,905.6158973533027
B,200.20111927379205,0.04018834468860319,924.9546705308277
B,186.64879505869007,0.04535595737690613,991.5356494566088
B,155.84897001070138,0.054620608932518966,1007.7694418620189
B,178.81581845900274,0.05783390509282596,957.6004720563051
B,169.95687188818835,0.047484611139555044,894.4660002900126
B,191.38349020838362,0.044024898053083586,995.2655007030974
B,211.8090089204629,0.06422369861698508,1071.7711944136765
B,147.4965506070851,0.06738899663797579,1121.4035359002678
B,187.30052158294833,0.059788580507817955,983.1092336270015
B,181.7973440886672,0.05085318142565024,1000.440261342788
B,198.4268015290093,0.04191734278359074,938.7962029383227
B,189.2639325647538,0.04169555593443435,1046.2272995550268
B,169.96061336522362,0.05522514105265758,948.1885638971022
B,178.61892128666764,0.054183982208886844,1118.775337588944
B,169.07948286393022,0.0640159859294643,835.6960209679066
B,206.52014277197196,0.0565045009253614,1006.8444393057046
B,185.42623297343886,0.03496919698240182,1086.132880703009
B,223.02381371506016,0.06051947617722919,1072.0601419587006
B,183.78678372370757,0.040019393726855874,1373.1640396776597
B,170.83186466179075,0.046160287280476484,1091.976002948149
B,154.72571214774345,0.05250200206251695,929.5134483789587
B,148.9372064748811,0.06995667489783965,1038.5442903493113
B,153.3172811398902,0.0810991855600536,836.8504399840258
B,190.34253302022967,0.05606723059136183,1040.3280300843887
B,195.17450046459868,0.04816803381279612,950.033273159909
B,153.37618595935734,0.055345056484805505,1159.8468330672194
B,202.9007662815223,0.05887655425873836,984.0551670485358
B,175.3387789663312,0.046793323744428086,1035.9880901045703
B,187.935860239711,0.06795211355912323,973.7330590314716
B,217.2444125651085,0.05230070759191403,1258.6621622223997
B,202.93678631731063,0.05497743089091395,1011.4508680658506
B,179.62938704188335,0.05665924252054462,1269.9068452175043
B,167.17615549169426,0.05421586610614456,1147.698211454192
B,141.96369197341392,0.058389405004696124,1107.8480072802463
B,170.6169336151516,0.04382746813453077,1094.2479776781024
B,180.77739522344612,0.0444169824605397,1097.2556757859502
B,165.25640945697631,0.03899845767028305,818.6792904785268
B,182.3748606581539,0.054395012306202264,1016.5339927019093
B,186.53703765917535,0.057789365035121144,1151.4189565421186
B,180.50288036383841,0.05457772866151886,1044.1323379831074
B,171.9999483835308,0.06674492433347537,881.3772183835711
B,188.37309343933455,0.049944039811709535,1043.7114659307038
B,193.83881299138818,0.05668741655592513,1254.4926619506589
B,163.19201845114307,0.03908299123860686,1199.6270058641662
B,213.21864759492541,0.04612900297525599,1042.5595188760763
B,183.02823735431477,0.05695537757565778,1164.1739132469704
B,185.37699245889695,0.05849102110743144,1006.0191575558338
B,199.16428846513114,0.04706033052335818,845.5354095807937
B,189.66432262527005,0.04928400748141933,939.0640814244534
B,204.0627326782649,0.034821262533191906,1237.5466522209838
B,190.74248330403648,0.04642970799193391,1017.1208301804835
B,172.75125250719125,0.05890383163519786,1020.7939224749979
B,192.23007050412204,0.055752050161065665,1014.0194164470144
B,162.12547585358675,0.0550066572138121,1278.4963907487609
B,187.17119411553045,0.050497736871809605,1245.1150698434476
B,184.3354001871108,0.05007063158628177,1316.253628013776
B,180.8376628545492,0.04339678860526553,1030.9145747519938
B,182.42924977122138,0.05698828420202535,1085.4749386496514
B,147.3630190900472,0.0542097294438939,868.002894069505
B,174.02550184518077,0.054920188479927995,1227.232131134193
B,186.8568980228223,0.0447396515733242,909.8664538478478
B,188.197127839948,0.028466570801287557,1076.0130676515155
B,164.44649718148082,0.060971527117536964,918.3236966840587
B,210.31415681729402,0.04521162543991596,979.3359807913565
B,167.67650303570997,0.041372242359568795,949.528508274036
B,204.38914401053472,0.05693478911913994,977.0549687189018
B,193.5438872374337,0.04607987360080871,985.3052756221225
B,172.07545380312393,0.06059936384046622,984.2077446089908
B,220.50621785219025,0.05617005949576698,1150.0000694136368
B,161.1272633648704,0.056835693232004776,917.4164648324976
B,203.38308347220004,0.03634044288799466,1076.464971241664
B,205.01164636085957,0.062119439853864006,1196.155098276667
B,171.5875958184671,0.05261250531233856,988.4164362583924
B,212.84930600128658,0.04630722860753797,963.8497331102877
B,179.99906970802095,0.05143388467342251,1022.3370449783699
B,190.77387258559713,0.032237647671016806,1191.5670250032852
B,190.2064367754244,0.054086528114806715,1073.2929157144029
B,182.31382517058904,0.03970628491817929,986.2542846470882
B,201.21616546319564,0.03647329714156466,1108.0651981425647
B,200.86977441104426,0.03477640813782109,917.7249420196292
B,150.02936053523638,0.061126883749899254,1131.7631412531537
B,211.08680485756304,0.043707366063072114,1099.0328769242121
B,151.75016023928652,0.065337277099165,1013.0629834633339
B,205.65092408683316,0.04464198536947703,949.3697041863322
B,207.53410273655166,0.032926420424070534,943.5982893259851
B,163.18067139569604,0.038834755600513415,1114.1780803615093
B,176.7837142409083,0.06235811620006939,1197.4776602986874
B,162.88590663028128,0.048441018220633326,973.5230703565446
B,180.7015793942253,0.044517127035093994,1105.006404426178
B,178.83931431628517,0.05160018225852788,799.5567577677517
B,200.5932106453868,0.05501782736167545,979.8458723211361
B,211.20617492239217,0.06117398815902461,1046.2729280554918
B,212.91367621579911,0.06448499229892926,940.83798996218
B,173.75663946843395,0.04640231354210914,937.6192350252485
B,180.81556252510944,0.03673952313917962,969.8664532237336
B,151.331236155581,0.04586534838876724,1085.0631273991648
B,168.88259867007622,0.052602805065828866,1027.520517791235
B,204.29703266194915,0.04036241073789389,781.4122520010034
B,217.31165647096464,0.040428490851049576,795.515981683792
B,160.31302256240156,0.05343787881549886,977.176178657139
B,173.15071481694213,0.04951347648429549,1104.9223903264262
B,184.47188486082146,0.05032796995411587,720.2994188729718
B,190.60322317639213,0.042415046652999305,990.0323788618043
B,168.80792960156708,0.04769599285794233,986.8502572179094
B,193.4812208892818,0.04075766855731696,1216.6005333850137
B,175.5232130585817,0.05890198411124787,1003.7973825944564
B,184.71095458243443,0.06035249334723753,1095.9586781689113
B,195.925684960074,0.03153812137761906,1066.9508568104957
B,185.12844539621875,0.0407048913980759,794.3320224231359
B,176.27228218946863,0.035034707449099214,1142.1848659958084
B,182.80780392148338,0.04349976065593102,1075.8475806547544
B,183.2327408158933,0.0491656203020964,1110.9922367609508
B,177.59977940235746,0.0355035478030147,1521.1485247723592
B,179.82407874665796,0.040781401868746875,799.9064472601694
B,216.97294341009433,0.039960426279185016,1256.963597971333
B,196.2183889588248,0.052072673293989444,1015.5062976719573
B,179.0903936394168,0.05069344337036251,1084.4794685283612
B,198.9390880902147,0.04278262446662747,1044.5385305638508
B,178.3236102048798,0.05176820872139398,999.0916399922348
B,208.46249275173284,0.044533199154127345,981.6200486113489
B,192.39284384396188,0.04728344889673947,1089.5410482687612
B,182.85395711991544,0.06673452090298537,867.9391563993985
B,193.95433851620555,0.06340461051790348,1140.069500102612
B,153.58247695863002,0.03700418763072402,1000.0566714137695
B,162.46465062180388,0.05829732417879175,914.391679315157
B,161.1214998720189,0.05811396554491592,995.9984570405023
B,187.85886189527415,0.03851736711247382,1200.8579060235088
B,219.65029998970184,0.058187776437548605,985.7597895580532
B,229.62600292385264,0.06537931918412553,1093.0144341851544
B,197.76102202881515,0.038774551937555864,962.2852469141432
B,195.01688949888913,0.04082497178985737,1140.9506219908344
B,148.9788453169452,0.060176614668435026,1132.2609286548245
B,174.14652400531958,0.05271495310825648,1271.8330599955693
B,169.24432496183522,0.05551476275239524,1028.9323265400942
B,172.58304803497768,0.05340589216400497,1130.2385765709487
B,181.6371236283042,0.053906959209281444,1061.7681047446733
B,175.55818844605744,0.03673527871688917,1205.5046138235616
B,145.41400379248424,0.06047317706621449,963.7401134869524
B,199.95820512235068,0.061695899924277736,1139.4006375452736
B,163.54513948520386,0.04770609255931973,1026.636324465998
B,189.78493728222298,0.04956523050186138,1042.2974187469804
B,226.48165339499946,0.03468892497444278,1061.0102981338048
B,166.61230816827154,0.05514254756017835,1080.2688475712014
B,134.39424954507342,0.05572057441714144,1036.052514825365
B,179.27991556239778,0.04937808983000689,1075.7655819804631
B,207.01919269997143,0.06124353359870503,1239.374166907462
B,224.16694908441187,0.046659227690200596,1168.2539622738261
B,160.40900811095167,0.05564605925893601,1154.2985510996275
B,194.93398446473043,0.03980335661307885,995.3352568771355
B,175.69379086439892,0.04976447849125762,943.2911006126011
B,182.8810329139173,0.04825645742097164,1164.6360669885303
B,237.8868669403407,0.05225307922040942,1155.1256151035752
B,154.94059343209693,0.046304730711666416,1226.7204810901178
B,190.07479322989147,0.04868527404328332,977.5223248836925
B,194.35386343530865,0.05826047171441506,1022.4541613567584
B,206.71572649878695,0.04563235762761783,853.2619004969479
B,186.9596630694179,0.03393422899261321,1002.9034672726953
B,191.16101079008206,0.06749583904205421,1169.5884612695336
B,177.16702865156418,0.06381454078690486,994.0205544926163
B,190.38253882490216,0.03707737304894382,1126.8575754240987
B,178.13615449005178,0.05689707805245195,1027.1396272802626
B,197.43143779712102,0.04497025229448657,1088.8868433865873
B,177.60779327912732,0.0526348721533106,912.2770332221199
B,192.54200787804373,0.05294224129013494,1060.225133956068
B,184.41474372630043,0.047655921996836784,691.0636834919133
B,207.52100501544336,0.04216234334413604,1027.5724610205618
B,183.97212552823026,0.043094589476837405,854.3432107541832
B,149.53935063586238,0.04083808084518758,1194.719341985618
B,210.23843001427983,0.041681777917695555,1143.2888823317414
B,166.88535398274763,0.04932821709950645,1106.0005178359297
B,171.92467322702362,0.04284240010889248,1232.5207472591255
B,173.08677411913015,0.0568205206571262,936.1300175010196
B,212.48876186341636,0.06487246155335928,1259.683583749867
B,142.28651572042608,0.04419946758629957,1161.8629877112462
B,247.75497067319986,0.05239404500535377,1021.6133655337264
B,206.12113618132105,0.05499685110302934,1186.2744176619533
B,189.46477828258318,0.054720022709192746,917.244778510604
B,183.90211998767427,0.05075955267916088,951.0583006166792
B,190.71108149715315,0.05742682418359723,976.969233211236
B,195.42244856758677,0.05482248952680657,986.5226750323181
B,197.90431171900113,0.037623375776727024,923.2130828687697
B,196.11208932006897,0.058691560643892735,1196.769968051439
B,186.791613625105,0.058872908372667426,1018.9374719556203
B,181.05323159385347,0.04236713895821419,1092.3005962028255
B,181.97453432692976,0.05037937835447602,981.5578360303583
B,181.1018343929464,0.056833289928110695,831.5276039341779
B,207.6754019373413,0.047906861804206384,1082.4068830069707
B,196.87113444561723,0.06072978047766012,820.5294029496267
B,126.19222730671439,0.07363872494619361,1041.7639144697437
B,198.11801553059522,0.04214013967365018,885.8021953400628
B,188.8947238943755,0.036189553968462254,1288.4731199076969
B,184.62582487108205,0.05303818595604876,1159.3635266609665
B,177.22963093822227,0.05721562505126144,1062.6904549525777
B,207.48225439972026,0.047691336261552315,1201.6448013185602
B,203.95052924245715,0.06453260663321035,948.4420827041117
B,169.54244664352782,0.03661394200276752,1115.2175254404112
B,193.1410457424907,0.05692918623031611,1073.9772520462457
B,165.5668653091743,0.04394139179241107,1081.6824097600404
B,157.40763670422137,0.06719377906207297,1202.6824200128121
B,172.4656555082007,0.06992515353168119,1137.8990523335763
B,202.24786944765518,0.04233343412216652,1084.6468395390027
B,204.06250090752172,0.0445044286409142,851.4135076526045
B,195.26170840194587,0.05859587886979802,934.7944445664643
B,199.50191573695994,0.046128693502104856,1035.274927968513
B,195.32356574229917,0.04954588782067762,1061.2046849131982
B,172.17036809554097,0.05025388420542411,914.3755530391292
B,193.63845089347882,0.03080326843802344,1339.4012010694105
B,201.00819050455365,0.04986162253905763,1231.9672866304288
B,200.0858265962715,0.04310272225935827,1122.2541984470981
B,208.77826742949287,0.045068771776002284,1058.6444233540494
B,199.16607694402128,0.06443632003468815,1024.5349236118618
B,192.02896415083165,0.03743493105720744,935.7697847973318
B,206.40300476632854,0.05813205186747977,1059.2976622222634
B,184.4695748150188,0.047210370696681915,1080.93030481713
B,167.36250697544565,0.04720239831504166,900.988730942205
B,181.73866072112472,0.05790371896051712,1090.1011700693878
B,170.10194710387103,0.053400512945688906,1031.3689141410302
